Class,Category,Notes
sp-field-blue,sp-field-*,The sp-field-* classes provide a variety of styles most of which were designed with list formatting in mind.
sp-field-blue17,sp-field-*,The sp-field-* classes provide a variety of styles most of which were designed with list formatting in mind.
sp-field-blue27,sp-field-*,The sp-field-* classes provide a variety of styles most of which were designed with list formatting in mind.
sp-field-blue37,sp-field-*,The sp-field-* classes provide a variety of styles most of which were designed with list formatting in mind.
sp-field-bold,sp-field-*,The sp-field-* classes provide a variety of styles most of which were designed with list formatting in mind.
sp-field-customFormatBackground-margin,sp-field-*,The sp-field-* classes provide a variety of styles most of which were designed with list formatting in mind.
sp-field-customFormatter,sp-field-*,The sp-field-* classes provide a variety of styles most of which were designed with list formatting in mind.
sp-field-dashedBorderRight,sp-field-*,The sp-field-* classes provide a variety of styles most of which were designed with list formatting in mind.
sp-field-dataBars,sp-field-*,The sp-field-* classes provide a variety of styles most of which were designed with list formatting in mind.
sp-field-editorBorder,sp-field-*,The sp-field-* classes provide a variety of styles most of which were designed with list formatting in mind.
sp-field-iconLeftAligned,sp-field-*,The sp-field-* classes provide a variety of styles most of which were designed with list formatting in mind.
sp-field-iconPadding,sp-field-*,The sp-field-* classes provide a variety of styles most of which were designed with list formatting in mind.
sp-field-iconRightAligned,sp-field-*,The sp-field-* classes provide a variety of styles most of which were designed with list formatting in mind.
sp-field-italic,sp-field-*,The sp-field-* classes provide a variety of styles most of which were designed with list formatting in mind.
sp-field-neutral,sp-field-*,The sp-field-* classes provide a variety of styles most of which were designed with list formatting in mind.
sp-field-neutral20,sp-field-*,The sp-field-* classes provide a variety of styles most of which were designed with list formatting in mind.
sp-field-neutral30,sp-field-*,The sp-field-* classes provide a variety of styles most of which were designed with list formatting in mind.
sp-field-quickAction,sp-field-*,The sp-field-* classes provide a variety of styles most of which were designed with list formatting in mind.
sp-field-severity--blocked,sp-field-*,The sp-field-* classes provide a variety of styles most of which were designed with list formatting in mind.
sp-field-severity--blocked30,sp-field-*,The sp-field-* classes provide a variety of styles most of which were designed with list formatting in mind.
sp-field-severity--blocked40,sp-field-*,The sp-field-* classes provide a variety of styles most of which were designed with list formatting in mind.
sp-field-severity--blocked50,sp-field-*,The sp-field-* classes provide a variety of styles most of which were designed with list formatting in mind.
sp-field-severity--good,sp-field-*,The sp-field-* classes provide a variety of styles most of which were designed with list formatting in mind.
sp-field-severity--good30,sp-field-*,The sp-field-* classes provide a variety of styles most of which were designed with list formatting in mind.
sp-field-severity--good40,sp-field-*,The sp-field-* classes provide a variety of styles most of which were designed with list formatting in mind.
sp-field-severity--good50,sp-field-*,The sp-field-* classes provide a variety of styles most of which were designed with list formatting in mind.
sp-field-severity--low,sp-field-*,The sp-field-* classes provide a variety of styles most of which were designed with list formatting in mind.
sp-field-severity--severeWarning,sp-field-*,The sp-field-* classes provide a variety of styles most of which were designed with list formatting in mind.
sp-field-severity--severeWarning30,sp-field-*,The sp-field-* classes provide a variety of styles most of which were designed with list formatting in mind.
sp-field-severity--severeWarning40,sp-field-*,The sp-field-* classes provide a variety of styles most of which were designed with list formatting in mind.
sp-field-severity--severeWarning50,sp-field-*,The sp-field-* classes provide a variety of styles most of which were designed with list formatting in mind.
sp-field-severity--warning,sp-field-*,The sp-field-* classes provide a variety of styles most of which were designed with list formatting in mind.
sp-field-severity--warning30,sp-field-*,The sp-field-* classes provide a variety of styles most of which were designed with list formatting in mind.
sp-field-severity--warning40,sp-field-*,The sp-field-* classes provide a variety of styles most of which were designed with list formatting in mind.
sp-field-severity--warning50,sp-field-*,The sp-field-* classes provide a variety of styles most of which were designed with list formatting in mind.
sp-field-strikeThrough,sp-field-*,The sp-field-* classes provide a variety of styles most of which were designed with list formatting in mind.
sp-field-trending--down,sp-field-*,The sp-field-* classes provide a variety of styles most of which were designed with list formatting in mind.
sp-field-trending--up,sp-field-*,The sp-field-* classes provide a variety of styles most of which were designed with list formatting in mind.
sp-field-underline,sp-field-*,The sp-field-* classes provide a variety of styles most of which were designed with list formatting in mind.
sp-field-underlineStrikeThrough,sp-field-*,The sp-field-* classes provide a variety of styles most of which were designed with list formatting in mind.
sp-row-button,sp-row-*,The sp-row-* classes provide a small set of styles that make it easier to ensure your formats match the out of the box styling.
sp-row-card,sp-row-*,The sp-row-* classes provide a small set of styles that make it easier to ensure your formats match the out of the box styling.
sp-row-listPadding,sp-row-*,The sp-row-* classes provide a small set of styles that make it easier to ensure your formats match the out of the box styling.
sp-row-title,sp-row-*,The sp-row-* classes provide a small set of styles that make it easier to ensure your formats match the out of the box styling.
ms-font-mi,Text: font,
ms-font-xs,Text: font,
ms-font-s,Text: font,
ms-font-s-plus,Text: font,
ms-font-m,Text: font,
ms-font-m-plus,Text: font,
ms-font-l,Text: font,
ms-font-xl,Text: font,
ms-font-xl-plus,Text: font,
ms-font-xxl,Text: font,
ms-font-su,Text: font,
ms-fontColor-alert,Text: font color,
ms-fontColor-alert--hover,Text: font color,
ms-fontColor-black,Text: font color,
ms-fontColor-black--hover,Text: font color,
ms-fontColor-blue,Text: font color,
ms-fontColor-blueDark,Text: font color,
ms-fontColor-blueDark--hover,Text: font color,
ms-fontColor-blue--hover,Text: font color,
ms-fontColor-blueLight,Text: font color,
ms-fontColor-blueLight--hover,Text: font color,
ms-fontColor-blueMid,Text: font color,
ms-fontColor-blueMid--hover,Text: font color,
ms-fontColor-communicationPrimary,Text: font color,
ms-fontColor-communicationPrimary--hover,Text: font color,
ms-fontColor-communicationShade10,Text: font color,
ms-fontColor-communicationShade10--hover,Text: font color,
ms-fontColor-communicationShade20,Text: font color,
ms-fontColor-communicationShade20--hover,Text: font color,
ms-fontColor-communicationShade30,Text: font color,
ms-fontColor-communicationShade30--hover,Text: font color,
ms-fontColor-communicationTint10,Text: font color,
ms-fontColor-communicationTint10--hover,Text: font color,
ms-fontColor-communicationTint20,Text: font color,
ms-fontColor-communicationTint20--hover,Text: font color,
ms-fontColor-communicationTint30,Text: font color,
ms-fontColor-communicationTint30--hover,Text: font color,
ms-fontColor-communicationTint40,Text: font color,
ms-fontColor-communicationTint40--hover,Text: font color,
ms-fontColor-contrastBlackDisabled,Text: font color,
ms-fontColor-contrastBlackDisabled--hover,Text: font color,
ms-fontColor-contrastBlackSelected,Text: font color,
ms-fontColor-contrastBlackSelected--hover,Text: font color,
ms-fontColor-contrastWhiteDisabled,Text: font color,
ms-fontColor-contrastWhiteDisabled--hover,Text: font color,
ms-fontColor-contrastWhiteSelected,Text: font color,
ms-fontColor-contrastWhiteSelected--hover,Text: font color,
ms-fontColor-error,Text: font color,
ms-fontColor-error--hover,Text: font color,
ms-fontColor-gray10,Text: font color,
ms-fontColor-gray100,Text: font color,
ms-fontColor-gray100--hover,Text: font color,
ms-fontColor-gray10--hover,Text: font color,
ms-fontColor-gray110,Text: font color,
ms-fontColor-gray110--hover,Text: font color,
ms-fontColor-gray120,Text: font color,
ms-fontColor-gray120--hover,Text: font color,
ms-fontColor-gray130,Text: font color,
ms-fontColor-gray130--hover,Text: font color,
ms-fontColor-gray140,Text: font color,
ms-fontColor-gray140--hover,Text: font color,
ms-fontColor-gray150,Text: font color,
ms-fontColor-gray150--hover,Text: font color,
ms-fontColor-gray160,Text: font color,
ms-fontColor-gray160--hover,Text: font color,
ms-fontColor-gray170,Text: font color,
ms-fontColor-gray170--hover,Text: font color,
ms-fontColor-gray180,Text: font color,
ms-fontColor-gray180--hover,Text: font color,
ms-fontColor-gray190,Text: font color,
ms-fontColor-gray190--hover,Text: font color,
ms-fontColor-gray20,Text: font color,
ms-fontColor-gray200,Text: font color,
ms-fontColor-gray200--hover,Text: font color,
ms-fontColor-gray20--hover,Text: font color,
ms-fontColor-gray210,Text: font color,
ms-fontColor-gray210--hover,Text: font color,
ms-fontColor-gray220,Text: font color,
ms-fontColor-gray220--hover,Text: font color,
ms-fontColor-gray30,Text: font color,
ms-fontColor-gray30--hover,Text: font color,
ms-fontColor-gray40,Text: font color,
ms-fontColor-gray40--hover,Text: font color,
ms-fontColor-gray50,Text: font color,
ms-fontColor-gray50--hover,Text: font color,
ms-fontColor-gray60,Text: font color,
ms-fontColor-gray60--hover,Text: font color,
ms-fontColor-gray70,Text: font color,
ms-fontColor-gray70--hover,Text: font color,
ms-fontColor-gray80,Text: font color,
ms-fontColor-gray80--hover,Text: font color,
ms-fontColor-gray90,Text: font color,
ms-fontColor-gray90--hover,Text: font color,
ms-fontColor-green,Text: font color,
ms-fontColor-greenDark,Text: font color,
ms-fontColor-greenDark--hover,Text: font color,
ms-fontColor-green--hover,Text: font color,
ms-fontColor-greenLight,Text: font color,
ms-fontColor-greenLight--hover,Text: font color,
ms-fontColor-info,Text: font color,
ms-fontColor-info--hover,Text: font color,
ms-fontColor-magenta,Text: font color,
ms-fontColor-magentaDark,Text: font color,
ms-fontColor-magentaDark--hover,Text: font color,
ms-fontColor-magenta--hover,Text: font color,
ms-fontColor-magentaLight,Text: font color,
ms-fontColor-magentaLight--hover,Text: font color,
ms-fontColor-neutralDark,Text: font color,
ms-fontColor-neutralDark--hover,Text: font color,
ms-fontColor-neutralLight,Text: font color,
ms-fontColor-neutralLighter,Text: font color,
ms-fontColor-neutralLighterAlt,Text: font color,
ms-fontColor-neutralLighterAlt--hover,Text: font color,
ms-fontColor-neutralLighter--hover,Text: font color,
ms-fontColor-neutralLight--hover,Text: font color,
ms-fontColor-neutralPrimary,Text: font color,
ms-fontColor-neutralPrimaryAlt,Text: font color,
ms-fontColor-neutralPrimaryAlt--hover,Text: font color,
ms-fontColor-neutralPrimary--hover,Text: font color,
ms-fontColor-neutralQuaternary,Text: font color,
ms-fontColor-neutralQuaternaryAlt,Text: font color,
ms-fontColor-neutralQuaternaryAlt--hover,Text: font color,
ms-fontColor-neutralQuaternary--hover,Text: font color,
ms-fontColor-neutralSecondary,Text: font color,
ms-fontColor-neutralSecondaryAlt,Text: font color,
ms-fontColor-neutralSecondaryAlt--hover,Text: font color,
ms-fontColor-neutralSecondary--hover,Text: font color,
ms-fontColor-neutralTertiary,Text: font color,
ms-fontColor-neutralTertiaryAlt,Text: font color,
ms-fontColor-neutralTertiaryAlt--hover,Text: font color,
ms-fontColor-neutralTertiary--hover,Text: font color,
ms-fontColor-orange,Text: font color,
ms-fontColor-orange--hover,Text: font color,
ms-fontColor-orangeLight,Text: font color,
ms-fontColor-orangeLighter,Text: font color,
ms-fontColor-orangeLighter--hover,Text: font color,
ms-fontColor-orangeLight--hover,Text: font color,
ms-fontColor-purple,Text: font color,
ms-fontColor-purpleDark,Text: font color,
ms-fontColor-purpleDark--hover,Text: font color,
ms-fontColor-purple--hover,Text: font color,
ms-fontColor-purpleLight,Text: font color,
ms-fontColor-purpleLight--hover,Text: font color,
ms-fontColor-red,Text: font color,
ms-fontColor-redDark,Text: font color,
ms-fontColor-redDark--hover,Text: font color,
ms-fontColor-red--hover,Text: font color,
ms-fontColor-severeWarning,Text: font color,
ms-fontColor-severeWarning--hover,Text: font color,
ms-fontColor-sharedBlue10,Text: font color,
ms-fontColor-sharedBlue10--hover,Text: font color,
ms-fontColor-sharedBlueMagenta10,Text: font color,
ms-fontColor-sharedBlueMagenta10--hover,Text: font color,
ms-fontColor-sharedBlueMagenta20,Text: font color,
ms-fontColor-sharedBlueMagenta20--hover,Text: font color,
ms-fontColor-sharedBlueMagenta30,Text: font color,
ms-fontColor-sharedBlueMagenta30--hover,Text: font color,
ms-fontColor-sharedBlueMagenta40,Text: font color,
ms-fontColor-sharedBlueMagenta40--hover,Text: font color,
ms-fontColor-sharedCyan10,Text: font color,
ms-fontColor-sharedCyan10--hover,Text: font color,
ms-fontColor-sharedCyan20,Text: font color,
ms-fontColor-sharedCyan20--hover,Text: font color,
ms-fontColor-sharedCyan30,Text: font color,
ms-fontColor-sharedCyan30--hover,Text: font color,
ms-fontColor-sharedCyan40,Text: font color,
ms-fontColor-sharedCyan40--hover,Text: font color,
ms-fontColor-sharedCyanBlue10,Text: font color,
ms-fontColor-sharedCyanBlue10--hover,Text: font color,
ms-fontColor-sharedCyanBlue20,Text: font color,
ms-fontColor-sharedCyanBlue20--hover,Text: font color,
ms-fontColor-sharedGray10,Text: font color,
ms-fontColor-sharedGray10--hover,Text: font color,
ms-fontColor-sharedGray20,Text: font color,
ms-fontColor-sharedGray20--hover,Text: font color,
ms-fontColor-sharedGray30,Text: font color,
ms-fontColor-sharedGray30--hover,Text: font color,
ms-fontColor-sharedGray40,Text: font color,
ms-fontColor-sharedGray40--hover,Text: font color,
ms-fontColor-sharedGreen10,Text: font color,
ms-fontColor-sharedGreen10--hover,Text: font color,
ms-fontColor-sharedGreen20,Text: font color,
ms-fontColor-sharedGreen20--hover,Text: font color,
ms-fontColor-sharedGreenCyan10,Text: font color,
ms-fontColor-sharedGreenCyan10--hover,Text: font color,
ms-fontColor-sharedMagenta10,Text: font color,
ms-fontColor-sharedMagenta10--hover,Text: font color,
ms-fontColor-sharedMagenta20,Text: font color,
ms-fontColor-sharedMagenta20--hover,Text: font color,
ms-fontColor-sharedMagentaPink10,Text: font color,
ms-fontColor-sharedMagentaPink10--hover,Text: font color,
ms-fontColor-sharedMagentaPink20,Text: font color,
ms-fontColor-sharedMagentaPink20--hover,Text: font color,
ms-fontColor-sharedOrange10,Text: font color,
ms-fontColor-sharedOrange10--hover,Text: font color,
ms-fontColor-sharedOrange20,Text: font color,
ms-fontColor-sharedOrange20--hover,Text: font color,
ms-fontColor-sharedOrange30,Text: font color,
ms-fontColor-sharedOrange30--hover,Text: font color,
ms-fontColor-sharedOrangeYellow10,Text: font color,
ms-fontColor-sharedOrangeYellow10--hover,Text: font color,
ms-fontColor-sharedOrangeYellow20,Text: font color,
ms-fontColor-sharedOrangeYellow20--hover,Text: font color,
ms-fontColor-sharedPinkRed10,Text: font color,
ms-fontColor-sharedPinkRed10--hover,Text: font color,
ms-fontColor-sharedRed10,Text: font color,
ms-fontColor-sharedRed10--hover,Text: font color,
ms-fontColor-sharedRed20,Text: font color,
ms-fontColor-sharedRed20--hover,Text: font color,
ms-fontColor-sharedRedOrange10,Text: font color,
ms-fontColor-sharedRedOrange10--hover,Text: font color,
ms-fontColor-sharedRedOrange20,Text: font color,
ms-fontColor-sharedRedOrange20--hover,Text: font color,
ms-fontColor-sharedYellow10,Text: font color,
ms-fontColor-sharedYellow10--hover,Text: font color,
ms-fontColor-sharedYellowGreen10,Text: font color,
ms-fontColor-sharedYellowGreen10--hover,Text: font color,
ms-fontColor-success,Text: font color,
ms-fontColor-success--hover,Text: font color,
ms-fontColor-teal,Text: font color,
ms-fontColor-tealDark,Text: font color,
ms-fontColor-tealDark--hover,Text: font color,
ms-fontColor-teal--hover,Text: font color,
ms-fontColor-tealLight,Text: font color,
ms-fontColor-tealLight--hover,Text: font color,
ms-fontColor-themeDark,Text: font color,
ms-fontColor-themeDarkAlt,Text: font color,
ms-fontColor-themeDarkAlt--hover,Text: font color,
ms-fontColor-themeDarker,Text: font color,
ms-fontColor-themeDarker--hover,Text: font color,
ms-fontColor-themeDark--hover,Text: font color,
ms-fontColor-themeLight,Text: font color,
ms-fontColor-themeLighter,Text: font color,
ms-fontColor-themeLighterAlt,Text: font color,
ms-fontColor-themeLighterAlt--hover,Text: font color,
ms-fontColor-themeLighter--hover,Text: font color,
ms-fontColor-themeLight--hover,Text: font color,
ms-fontColor-themeSecondary,Text: font color,
ms-fontColor-themeSecondary--hover,Text: font color,
ms-fontColor-themeTertiary,Text: font color,
ms-fontColor-themeTertiary--hover,Text: font color,
ms-fontColor-warning,Text: font color,
ms-fontColor-warning--hover,Text: font color,
ms-fontColor-white,Text: font color,
ms-fontColor-white--hover,Text: font color,
ms-fontColor-yellow,Text: font color,
ms-fontColor-yellow--hover,Text: font color,
ms-fontColor-yellowLight,Text: font color,
ms-fontColor-yellowLight--hover,Text: font color,
themePrimary,Text: font color,
themePrimary--hover,Text: font color,
ms-fontSize-mi,Text: font size,
ms-fontSize-10,Text: font size,
ms-fontSize-xs,Text: font size,
ms-fontSize-s,Text: font size,
ms-fontSize-12,Text: font size,
ms-fontSize-sPlus,Text: font size,
ms-fontSize-m,Text: font size,
ms-fontSize-14,Text: font size,
ms-fontSize-mPlus,Text: font size,
ms-fontSize-16,Text: font size,
ms-fontSize-l,Text: font size,
ms-fontSize-18,Text: font size,
ms-fontSize-20,Text: font size,
ms-fontSize-xl,Text: font size,
ms-fontSize-xlPlus,Text: font size,
ms-fontSize-24,Text: font size,
ms-fontSize-xxl,Text: font size,
ms-fontSize-28,Text: font size,
ms-fontSize-32,Text: font size,
ms-fontSize-su,Text: font size,
ms-fontSize-42,Text: font size,
ms-fontSize-68,Text: font size,
ms-fontWeight-semilight,Text: font weight,
ms-fontWeight-light,Text: font weight,
ms-fontWeight-regular,Text: font weight,
ms-fontWeight-semibold,Text: font weight,
ms-fontWeight-bold,Text: font weight,
sp-css-color-black,Text: font color,
sp-css-color-BlackFont,Text: font color,
sp-css-color-BlackText,Text: font color,
sp-css-color-blockingBackground,Text: font color,
sp-css-color-blue,Text: font color,
sp-css-color-blueDark,Text: font color,
sp-css-color-blueLight,Text: font color,
sp-css-color-BlueText,Text: font color,
sp-css-color-bodyBackground,Text: font color,
sp-css-color-bodyDivider,Text: font color,
sp-css-color-bodySubtext,Text: font color,
sp-css-color-bodyText,Text: font color,
sp-css-color-BrownText,Text: font color,
sp-css-color-CoralFont,Text: font color,
sp-css-color-CornflowerBlueFont,Text: font color,
sp-css-color-CyanFont,Text: font color,
sp-css-color-DarkBlueText,Text: font color,
sp-css-color-DarkGreenText,Text: font color,
sp-css-color-DarkPurpleText,Text: font color,
sp-css-color-DarkRedText,Text: font color,
sp-css-color-disabledBackground,Text: font color,
sp-css-color-disabledSubtext,Text: font color,
sp-css-color-disabledText,Text: font color,
sp-css-color-DustRoseFont,Text: font color,
sp-css-color-errorBackground,Text: font color,
sp-css-color-errorText,Text: font color,
sp-css-color-GoldFont,Text: font color,
sp-css-color-GrayText,Text: font color,
sp-css-color-green,Text: font color,
sp-css-color-greenLight,Text: font color,
sp-css-color-GreenText,Text: font color,
sp-css-color-LavenderText,Text: font color,
sp-css-color-LightBlueFont,Text: font color,
sp-css-color-LightGrayFont,Text: font color,
sp-css-color-LightPurpleFont,Text: font color,
sp-css-color-LightPurpleText,Text: font color,
sp-css-color-LilacFont,Text: font color,
sp-css-color-listBackground,Text: font color,
sp-css-color-listItemBackgroundChecked,Text: font color,
sp-css-color-listTextColor,Text: font color,
sp-css-color-MauveFont,Text: font color,
sp-css-color-MintGreenFont,Text: font color,
sp-css-color-neutralDark,Text: font color,
sp-css-color-neutralLight,Text: font color,
sp-css-color-neutralLighter,Text: font color,
sp-css-color-neutralLighterAlt,Text: font color,
sp-css-color-neutralPrimary,Text: font color,
sp-css-color-neutralPrimaryAlt,Text: font color,
sp-css-color-neutralQuaternary,Text: font color,
sp-css-color-neutralQuaternaryAlt,Text: font color,
sp-css-color-neutralSecondary,Text: font color,
sp-css-color-neutralTertiary,Text: font color,
sp-css-color-neutralTertiaryAlt,Text: font color,
sp-css-color-OrangeText,Text: font color,
sp-css-color-PeachFont,Text: font color,
sp-css-color-purple,Text: font color,
sp-css-color-PurpleText,Text: font color,
sp-css-color-red,Text: font color,
sp-css-color-redDark,Text: font color,
sp-css-color-RedText,Text: font color,
sp-css-color-SageFont,Text: font color,
sp-css-color-successBackground,Text: font color,
sp-css-color-TealText,Text: font color,
sp-css-color-themeDark,Text: font color,
sp-css-color-themeDarkAlt,Text: font color,
sp-css-color-themeDarker,Text: font color,
sp-css-color-themeLight,Text: font color,
sp-css-color-themeLighter,Text: font color,
sp-css-color-themeLighterAlt,Text: font color,
sp-css-color-themePrimary,Text: font color,
sp-css-color-themeSecondary,Text: font color,
sp-css-color-themeTertiary,Text: font color,
sp-css-color-VioletFont,Text: font color,
sp-css-color-warningBackground,Text: font color,
sp-css-color-white,Text: font color,
sp-css-color-WhiteFont,Text: font color,
sp-css-color-WhiteText,Text: font color,
sp-css-color-yellow,Text: font color,
sp-css-color-yellowLight,Text: font color,
sp-field-fontSizeSmall,Text: font size,Theásp-field-fontSize*áclasses apply various textásize.
sp-field-fontSizeMedium,Text: font size,Theásp-field-fontSize*áclasses apply various textásize.
sp-field-fontSize14,Text: font size,Theásp-field-fontSize*áclasses apply various textásize.
sp-field-fontSize15,Text: font size,Theásp-field-fontSize*áclasses apply various textásize.
sp-field-fontSizeLarge,Text: font size,Theásp-field-fontSize*áclasses apply various textásize.
sp-field-fontSize17,Text: font size,Theásp-field-fontSize*áclasses apply various textásize.
sp-field-fontSizeXLarge,Text: font size,Theásp-field-fontSize*áclasses apply various textásize.
sp-field-fontSize21,Text: font size,Theásp-field-fontSize*áclasses apply various textásize.
sp-field-fontSize24,Text: font size,Theásp-field-fontSize*áclasses apply various textásize.
sp-field-fontSize28,Text: font size,Theásp-field-fontSize*áclasses apply various textásize.
sp-field-fontSize32,Text: font size,Theásp-field-fontSize*áclasses apply various textásize.
sp-field-fontSize36,Text: font size,Theásp-field-fontSize*áclasses apply various textásize.
sp-field-fontSize42,Text: font size,Theásp-field-fontSize*áclasses apply various textásize.
ms-borderColor-black,Borders,
ms-borderColor-black--hover,Borders,
ms-borderColor-blue,Borders,
ms-borderColor-blueDark,Borders,
ms-borderColor-blueDark--hover,Borders,
ms-borderColor-blue--hover,Borders,
ms-borderColor-blueLight,Borders,
ms-borderColor-blueLight--hover,Borders,
ms-borderColor-blueMid,Borders,
ms-borderColor-blueMid--hover,Borders,
ms-borderColor-communicationPrimary,Borders,
ms-borderColor-communicationPrimary--hover,Borders,
ms-borderColor-communicationShade10,Borders,
ms-borderColor-communicationShade10--hover,Borders,
ms-borderColor-communicationShade20,Borders,
ms-borderColor-communicationShade20--hover,Borders,
ms-borderColor-communicationShade30,Borders,
ms-borderColor-communicationShade30--hover,Borders,
ms-borderColor-communicationTint10,Borders,
ms-borderColor-communicationTint10--hover,Borders,
ms-borderColor-communicationTint20,Borders,
ms-borderColor-communicationTint20--hover,Borders,
ms-borderColor-communicationTint30,Borders,
ms-borderColor-communicationTint30--hover,Borders,
ms-borderColor-communicationTint40,Borders,
ms-borderColor-communicationTint40--hover,Borders,
ms-borderColor-contrastBlackDisabled,Borders,
ms-borderColor-contrastBlackDisabled--hover,Borders,
ms-borderColor-contrastBlackSelected,Borders,
ms-borderColor-contrastBlackSelected--hover,Borders,
ms-borderColor-contrastWhiteDisabled,Borders,
ms-borderColor-contrastWhiteDisabled--hover,Borders,
ms-borderColor-contrastWhiteSelected,Borders,
ms-borderColor-contrastWhiteSelected--hover,Borders,
ms-borderColor-gray10,Borders,
ms-borderColor-gray100,Borders,
ms-borderColor-gray100--hover,Borders,
ms-borderColor-gray10--hover,Borders,
ms-borderColor-gray110,Borders,
ms-borderColor-gray110--hover,Borders,
ms-borderColor-gray120,Borders,
ms-borderColor-gray120--hover,Borders,
ms-borderColor-gray130,Borders,
ms-borderColor-gray130--hover,Borders,
ms-borderColor-gray140,Borders,
ms-borderColor-gray140--hover,Borders,
ms-borderColor-gray150,Borders,
ms-borderColor-gray150--hover,Borders,
ms-borderColor-gray160,Borders,
ms-borderColor-gray160--hover,Borders,
ms-borderColor-gray170,Borders,
ms-borderColor-gray170--hover,Borders,
ms-borderColor-gray180,Borders,
ms-borderColor-gray180--hover,Borders,
ms-borderColor-gray190,Borders,
ms-borderColor-gray190--hover,Borders,
ms-borderColor-gray20,Borders,
ms-borderColor-gray200,Borders,
ms-borderColor-gray200--hover,Borders,
ms-borderColor-gray20--hover,Borders,
ms-borderColor-gray210,Borders,
ms-borderColor-gray210--hover,Borders,
ms-borderColor-gray220,Borders,
ms-borderColor-gray220--hover,Borders,
ms-borderColor-gray30,Borders,
ms-borderColor-gray30--hover,Borders,
ms-borderColor-gray40,Borders,
ms-borderColor-gray40--hover,Borders,
ms-borderColor-gray50,Borders,
ms-borderColor-gray50--hover,Borders,
ms-borderColor-gray60,Borders,
ms-borderColor-gray60--hover,Borders,
ms-borderColor-gray70,Borders,
ms-borderColor-gray70--hover,Borders,
ms-borderColor-gray80,Borders,
ms-borderColor-gray80--hover,Borders,
ms-borderColor-gray90,Borders,
ms-borderColor-gray90--hover,Borders,
ms-borderColor-green,Borders,
ms-borderColor-greenDark,Borders,
ms-borderColor-greenDark--hover,Borders,
ms-borderColor-green--hover,Borders,
ms-borderColor-greenLight,Borders,
ms-borderColor-greenLight--hover,Borders,
ms-borderColor-magenta,Borders,
ms-borderColor-magentaDark,Borders,
ms-borderColor-magentaDark--hover,Borders,
ms-borderColor-magenta--hover,Borders,
ms-borderColor-magentaLight,Borders,
ms-borderColor-magentaLight--hover,Borders,
ms-borderColor-neutralDark,Borders,
ms-borderColor-neutralDark--hover,Borders,
ms-borderColor-neutralLight,Borders,
ms-borderColor-neutralLighter,Borders,
ms-borderColor-neutralLighterAlt,Borders,
ms-borderColor-neutralLighterAlt--hover,Borders,
ms-borderColor-neutralLighter--hover,Borders,
ms-borderColor-neutralLight--hover,Borders,
ms-borderColor-neutralPrimary,Borders,
ms-borderColor-neutralPrimaryAlt,Borders,
ms-borderColor-neutralPrimaryAlt--hover,Borders,
ms-borderColor-neutralPrimary--hover,Borders,
ms-borderColor-neutralQuaternary,Borders,
ms-borderColor-neutralQuaternaryAlt,Borders,
ms-borderColor-neutralQuaternaryAlt--hover,Borders,
ms-borderColor-neutralQuaternary--hover,Borders,
ms-borderColor-neutralSecondary,Borders,
ms-borderColor-neutralSecondaryAlt,Borders,
ms-borderColor-neutralSecondaryAlt--hover,Borders,
ms-borderColor-neutralSecondary--hover,Borders,
ms-borderColor-neutralTertiary,Borders,
ms-borderColor-neutralTertiaryAlt,Borders,
ms-borderColor-neutralTertiaryAlt--hover,Borders,
ms-borderColor-neutralTertiary--hover,Borders,
ms-borderColor-orange,Borders,
ms-borderColor-orange--hover,Borders,
ms-borderColor-orangeLight,Borders,
ms-borderColor-orangeLighter,Borders,
ms-borderColor-orangeLighter--hover,Borders,
ms-borderColor-orangeLight--hover,Borders,
ms-borderColor-purple,Borders,
ms-borderColor-purpleDark,Borders,
ms-borderColor-purpleDark--hover,Borders,
ms-borderColor-purple--hover,Borders,
ms-borderColor-purpleLight,Borders,
ms-borderColor-purpleLight--hover,Borders,
ms-borderColor-red,Borders,
ms-borderColor-redDark,Borders,
ms-borderColor-redDark--hover,Borders,
ms-borderColor-red--hover,Borders,
ms-borderColor-sharedBlue10,Borders,
ms-borderColor-sharedBlue10--hover,Borders,
ms-borderColor-sharedBlueMagenta10,Borders,
ms-borderColor-sharedBlueMagenta10--hover,Borders,
ms-borderColor-sharedBlueMagenta20,Borders,
ms-borderColor-sharedBlueMagenta20--hover,Borders,
ms-borderColor-sharedBlueMagenta30,Borders,
ms-borderColor-sharedBlueMagenta30--hover,Borders,
ms-borderColor-sharedBlueMagenta40,Borders,
ms-borderColor-sharedBlueMagenta40--hover,Borders,
ms-borderColor-sharedCyan10,Borders,
ms-borderColor-sharedCyan10--hover,Borders,
ms-borderColor-sharedCyan20,Borders,
ms-borderColor-sharedCyan20--hover,Borders,
ms-borderColor-sharedCyan30,Borders,
ms-borderColor-sharedCyan30--hover,Borders,
ms-borderColor-sharedCyan40,Borders,
ms-borderColor-sharedCyan40--hover,Borders,
ms-borderColor-sharedCyanBlue10,Borders,
ms-borderColor-sharedCyanBlue10--hover,Borders,
ms-borderColor-sharedCyanBlue20,Borders,
ms-borderColor-sharedCyanBlue20--hover,Borders,
ms-borderColor-sharedGray10,Borders,
ms-borderColor-sharedGray10--hover,Borders,
ms-borderColor-sharedGray20,Borders,
ms-borderColor-sharedGray20--hover,Borders,
ms-borderColor-sharedGray30,Borders,
ms-borderColor-sharedGray30--hover,Borders,
ms-borderColor-sharedGray40,Borders,
ms-borderColor-sharedGray40--hover,Borders,
ms-borderColor-sharedGreen10,Borders,
ms-borderColor-sharedGreen10--hover,Borders,
ms-borderColor-sharedGreen20,Borders,
ms-borderColor-sharedGreen20--hover,Borders,
ms-borderColor-sharedGreenCyan10,Borders,
ms-borderColor-sharedGreenCyan10--hover,Borders,
ms-borderColor-sharedMagenta10,Borders,
ms-borderColor-sharedMagenta10--hover,Borders,
ms-borderColor-sharedMagenta20,Borders,
ms-borderColor-sharedMagenta20--hover,Borders,
ms-borderColor-sharedMagentaPink10,Borders,
ms-borderColor-sharedMagentaPink10--hover,Borders,
ms-borderColor-sharedMagentaPink20,Borders,
ms-borderColor-sharedMagentaPink20--hover,Borders,
ms-borderColor-sharedOrange10,Borders,
ms-borderColor-sharedOrange10--hover,Borders,
ms-borderColor-sharedOrange20,Borders,
ms-borderColor-sharedOrange20--hover,Borders,
ms-borderColor-sharedOrange30,Borders,
ms-borderColor-sharedOrange30--hover,Borders,
ms-borderColor-sharedOrangeYellow10,Borders,
ms-borderColor-sharedOrangeYellow10--hover,Borders,
ms-borderColor-sharedOrangeYellow20,Borders,
ms-borderColor-sharedOrangeYellow20--hover,Borders,
ms-borderColor-sharedPinkRed10,Borders,
ms-borderColor-sharedPinkRed10--hover,Borders,
ms-borderColor-sharedRed10,Borders,
ms-borderColor-sharedRed10--hover,Borders,
ms-borderColor-sharedRed20,Borders,
ms-borderColor-sharedRed20--hover,Borders,
ms-borderColor-sharedRedOrange10,Borders,
ms-borderColor-sharedRedOrange10--hover,Borders,
ms-borderColor-sharedRedOrange20,Borders,
ms-borderColor-sharedRedOrange20--hover,Borders,
ms-borderColor-sharedYellow10,Borders,
ms-borderColor-sharedYellow10--hover,Borders,
ms-borderColor-sharedYellowGreen10,Borders,
ms-borderColor-sharedYellowGreen10--hover,Borders,
ms-borderColor-teal,Borders,
ms-borderColor-tealDark,Borders,
ms-borderColor-tealDark--hover,Borders,
ms-borderColor-teal--hover,Borders,
ms-borderColor-tealLight,Borders,
ms-borderColor-tealLight--hover,Borders,
ms-borderColor-themeDark,Borders,
ms-borderColor-themeDarkAlt,Borders,
ms-borderColor-themeDarkAlt--hover,Borders,
ms-borderColor-themeDarker,Borders,
ms-borderColor-themeDarker--hover,Borders,
ms-borderColor-themeDark--hover,Borders,
ms-borderColor-themeLight,Borders,
ms-borderColor-themeLighter,Borders,
ms-borderColor-themeLighterAlt,Borders,
ms-borderColor-themeLighterAlt--hover,Borders,
ms-borderColor-themeLighter--hover,Borders,
ms-borderColor-themeLight--hover,Borders,
ms-borderColor-themePrimary,Borders,
ms-borderColor-themePrimary--hover,Borders,
ms-borderColor-themeSecondary,Borders,
ms-borderColor-themeSecondary--hover,Borders,
ms-borderColor-themeTertiary,Borders,
ms-borderColor-themeTertiary--hover,Borders,
ms-borderColor-white,Borders,
ms-borderColor-white--hover,Borders,
ms-borderColor-yellow,Borders,
ms-borderColor-yellow--hover,Borders,
ms-borderColor-yellowLight,Borders,
ms-borderColor-yellowLight--hover,Borders,
sp-css-borderBottomColor-black,Borders,
sp-css-borderBottomColor-BlackFont,Borders,
sp-css-borderBottomColor-BlackText,Borders,
sp-css-borderBottomColor-blockingBackground,Borders,
sp-css-borderBottomColor-blue,Borders,
sp-css-borderBottomColor-blueDark,Borders,
sp-css-borderBottomColor-blueLight,Borders,
sp-css-borderBottomColor-BlueText,Borders,
sp-css-borderBottomColor-bodyBackground,Borders,
sp-css-borderBottomColor-bodyDivider,Borders,
sp-css-borderBottomColor-bodySubtext,Borders,
sp-css-borderBottomColor-bodyText,Borders,
sp-css-borderBottomColor-BrownText,Borders,
sp-css-borderBottomColor-CoralFont,Borders,
sp-css-borderBottomColor-CornflowerBlueFont,Borders,
sp-css-borderBottomColor-CyanFont,Borders,
sp-css-borderBottomColor-DarkBlueText,Borders,
sp-css-borderBottomColor-DarkGreenText,Borders,
sp-css-borderBottomColor-DarkPurpleText,Borders,
sp-css-borderBottomColor-DarkRedText,Borders,
sp-css-borderBottomColor-disabledBackground,Borders,
sp-css-borderBottomColor-disabledSubtext,Borders,
sp-css-borderBottomColor-disabledText,Borders,
sp-css-borderBottomColor-DustRoseFont,Borders,
sp-css-borderBottomColor-errorBackground,Borders,
sp-css-borderBottomColor-errorText,Borders,
sp-css-borderBottomColor-GoldFont,Borders,
sp-css-borderBottomColor-GrayText,Borders,
sp-css-borderBottomColor-green,Borders,
sp-css-borderBottomColor-greenLight,Borders,
sp-css-borderBottomColor-GreenText,Borders,
sp-css-borderBottomColor-LavenderText,Borders,
sp-css-borderBottomColor-LightBlueFont,Borders,
sp-css-borderBottomColor-LightGrayFont,Borders,
sp-css-borderBottomColor-LightPurpleFont,Borders,
sp-css-borderBottomColor-LightPurpleText,Borders,
sp-css-borderBottomColor-LilacFont,Borders,
sp-css-borderBottomColor-listBackground,Borders,
sp-css-borderBottomColor-listItemBackgroundChecked,Borders,
sp-css-borderBottomColor-listTextColor,Borders,
sp-css-borderBottomColor-MauveFont,Borders,
sp-css-borderBottomColor-MintGreenFont,Borders,
sp-css-borderBottomColor-neutralDark,Borders,
sp-css-borderBottomColor-neutralLight,Borders,
sp-css-borderBottomColor-neutralLighter,Borders,
sp-css-borderBottomColor-neutralLighterAlt,Borders,
sp-css-borderBottomColor-neutralPrimary,Borders,
sp-css-borderBottomColor-neutralPrimaryAlt,Borders,
sp-css-borderBottomColor-neutralQuaternary,Borders,
sp-css-borderBottomColor-neutralQuaternaryAlt,Borders,
sp-css-borderBottomColor-neutralSecondary,Borders,
sp-css-borderBottomColor-neutralTertiary,Borders,
sp-css-borderBottomColor-neutralTertiaryAlt,Borders,
sp-css-borderBottomColor-OrangeText,Borders,
sp-css-borderBottomColor-PeachFont,Borders,
sp-css-borderBottomColor-purple,Borders,
sp-css-borderBottomColor-PurpleText,Borders,
sp-css-borderBottomColor-red,Borders,
sp-css-borderBottomColor-redDark,Borders,
sp-css-borderBottomColor-RedText,Borders,
sp-css-borderBottomColor-SageFont,Borders,
sp-css-borderBottomColor-successBackground,Borders,
sp-css-borderBottomColor-TealText,Borders,
sp-css-borderBottomColor-themeDark,Borders,
sp-css-borderBottomColor-themeDarkAlt,Borders,
sp-css-borderBottomColor-themeDarker,Borders,
sp-css-borderBottomColor-themeLight,Borders,
sp-css-borderBottomColor-themeLighter,Borders,
sp-css-borderBottomColor-themeLighterAlt,Borders,
sp-css-borderBottomColor-themePrimary,Borders,
sp-css-borderBottomColor-themeSecondary,Borders,
sp-css-borderBottomColor-themeTertiary,Borders,
sp-css-borderBottomColor-VioletFont,Borders,
sp-css-borderBottomColor-warningBackground,Borders,
sp-css-borderBottomColor-white,Borders,
sp-css-borderBottomColor-WhiteFont,Borders,
sp-css-borderBottomColor-WhiteText,Borders,
sp-css-borderBottomColor-yellow,Borders,
sp-css-borderBottomColor-yellowLight,Borders,
sp-css-borderColor-black,Borders,
sp-css-borderColor-BlackFont,Borders,
sp-css-borderColor-BlackText,Borders,
sp-css-borderColor-blockingBackground,Borders,
sp-css-borderColor-blue,Borders,
sp-css-borderColor-blueDark,Borders,
sp-css-borderColor-blueLight,Borders,
sp-css-borderColor-BlueText,Borders,
sp-css-borderColor-bodyBackground,Borders,
sp-css-borderColor-bodyDivider,Borders,
sp-css-borderColor-bodySubtext,Borders,
sp-css-borderColor-bodyText,Borders,
sp-css-borderColor-BrownText,Borders,
sp-css-borderColor-CoralFont,Borders,
sp-css-borderColor-CornflowerBlueFont,Borders,
sp-css-borderColor-CyanFont,Borders,
sp-css-borderColor-DarkBlueText,Borders,
sp-css-borderColor-DarkGreenText,Borders,
sp-css-borderColor-DarkPurpleText,Borders,
sp-css-borderColor-DarkRedText,Borders,
sp-css-borderColor-disabledBackground,Borders,
sp-css-borderColor-disabledSubtext,Borders,
sp-css-borderColor-disabledText,Borders,
sp-css-borderColor-DustRoseFont,Borders,
sp-css-borderColor-errorBackground,Borders,
sp-css-borderColor-errorText,Borders,
sp-css-borderColor-GoldFont,Borders,
sp-css-borderColor-GrayText,Borders,
sp-css-borderColor-green,Borders,
sp-css-borderColor-greenLight,Borders,
sp-css-borderColor-GreenText,Borders,
sp-css-borderColor-LavenderText,Borders,
sp-css-borderColor-LightBlueFont,Borders,
sp-css-borderColor-LightGrayFont,Borders,
sp-css-borderColor-LightPurpleFont,Borders,
sp-css-borderColor-LightPurpleText,Borders,
sp-css-borderColor-LilacFont,Borders,
sp-css-borderColor-listBackground,Borders,
sp-css-borderColor-listItemBackgroundChecked,Borders,
sp-css-borderColor-listTextColor,Borders,
sp-css-borderColor-MauveFont,Borders,
sp-css-borderColor-MintGreenFont,Borders,
sp-css-borderColor-neutralDark,Borders,
sp-css-borderColor-neutralLight,Borders,
sp-css-borderColor-neutralLighter,Borders,
sp-css-borderColor-neutralLighterAlt,Borders,
sp-css-borderColor-neutralPrimary,Borders,
sp-css-borderColor-neutralPrimaryAlt,Borders,
sp-css-borderColor-neutralQuaternary,Borders,
sp-css-borderColor-neutralQuaternaryAlt,Borders,
sp-css-borderColor-neutralSecondary,Borders,
sp-css-borderColor-neutralTertiary,Borders,
sp-css-borderColor-neutralTertiaryAlt,Borders,
sp-css-borderColor-OrangeText,Borders,
sp-css-borderColor-PeachFont,Borders,
sp-css-borderColor-purple,Borders,
sp-css-borderColor-PurpleText,Borders,
sp-css-borderColor-red,Borders,
sp-css-borderColor-redDark,Borders,
sp-css-borderColor-RedText,Borders,
sp-css-borderColor-SageFont,Borders,
sp-css-borderColor-successBackground,Borders,
sp-css-borderColor-TealText,Borders,
sp-css-borderColor-themeDark,Borders,
sp-css-borderColor-themeDarkAlt,Borders,
sp-css-borderColor-themeDarker,Borders,
sp-css-borderColor-themeLight,Borders,
sp-css-borderColor-themeLighter,Borders,
sp-css-borderColor-themeLighterAlt,Borders,
sp-css-borderColor-themePrimary,Borders,
sp-css-borderColor-themeSecondary,Borders,
sp-css-borderColor-themeTertiary,Borders,
sp-css-borderColor-VioletFont,Borders,
sp-css-borderColor-warningBackground,Borders,
sp-css-borderColor-white,Borders,
sp-css-borderColor-WhiteFont,Borders,
sp-css-borderColor-WhiteText,Borders,
sp-css-borderColor-yellow,Borders,
sp-css-borderColor-yellowLight,Borders,
sp-css-borderLeftColor-black,Borders,
sp-css-borderLeftColor-BlackFont,Borders,
sp-css-borderLeftColor-BlackText,Borders,
sp-css-borderLeftColor-blockingBackground,Borders,
sp-css-borderLeftColor-blue,Borders,
sp-css-borderLeftColor-blueDark,Borders,
sp-css-borderLeftColor-blueLight,Borders,
sp-css-borderLeftColor-BlueText,Borders,
sp-css-borderLeftColor-bodyBackground,Borders,
sp-css-borderLeftColor-bodyDivider,Borders,
sp-css-borderLeftColor-bodySubtext,Borders,
sp-css-borderLeftColor-bodyText,Borders,
sp-css-borderLeftColor-BrownText,Borders,
sp-css-borderLeftColor-CoralFont,Borders,
sp-css-borderLeftColor-CornflowerBlueFont,Borders,
sp-css-borderLeftColor-CyanFont,Borders,
sp-css-borderLeftColor-DarkBlueText,Borders,
sp-css-borderLeftColor-DarkGreenText,Borders,
sp-css-borderLeftColor-DarkPurpleText,Borders,
sp-css-borderLeftColor-DarkRedText,Borders,
sp-css-borderLeftColor-disabledBackground,Borders,
sp-css-borderLeftColor-disabledSubtext,Borders,
sp-css-borderLeftColor-disabledText,Borders,
sp-css-borderLeftColor-DustRoseFont,Borders,
sp-css-borderLeftColor-errorBackground,Borders,
sp-css-borderLeftColor-errorText,Borders,
sp-css-borderLeftColor-GoldFont,Borders,
sp-css-borderLeftColor-GrayText,Borders,
sp-css-borderLeftColor-green,Borders,
sp-css-borderLeftColor-greenLight,Borders,
sp-css-borderLeftColor-GreenText,Borders,
sp-css-borderLeftColor-LavenderText,Borders,
sp-css-borderLeftColor-LightBlueFont,Borders,
sp-css-borderLeftColor-LightGrayFont,Borders,
sp-css-borderLeftColor-LightPurpleFont,Borders,
sp-css-borderLeftColor-LightPurpleText,Borders,
sp-css-borderLeftColor-LilacFont,Borders,
sp-css-borderLeftColor-listBackground,Borders,
sp-css-borderLeftColor-listItemBackgroundChecked,Borders,
sp-css-borderLeftColor-listTextColor,Borders,
sp-css-borderLeftColor-MauveFont,Borders,
sp-css-borderLeftColor-MintGreenFont,Borders,
sp-css-borderLeftColor-neutralDark,Borders,
sp-css-borderLeftColor-neutralLight,Borders,
sp-css-borderLeftColor-neutralLighter,Borders,
sp-css-borderLeftColor-neutralLighterAlt,Borders,
sp-css-borderLeftColor-neutralPrimary,Borders,
sp-css-borderLeftColor-neutralPrimaryAlt,Borders,
sp-css-borderLeftColor-neutralQuaternary,Borders,
sp-css-borderLeftColor-neutralQuaternaryAlt,Borders,
sp-css-borderLeftColor-neutralSecondary,Borders,
sp-css-borderLeftColor-neutralTertiary,Borders,
sp-css-borderLeftColor-neutralTertiaryAlt,Borders,
sp-css-borderLeftColor-OrangeText,Borders,
sp-css-borderLeftColor-PeachFont,Borders,
sp-css-borderLeftColor-purple,Borders,
sp-css-borderLeftColor-PurpleText,Borders,
sp-css-borderLeftColor-red,Borders,
sp-css-borderLeftColor-redDark,Borders,
sp-css-borderLeftColor-RedText,Borders,
sp-css-borderLeftColor-SageFont,Borders,
sp-css-borderLeftColor-successBackground,Borders,
sp-css-borderLeftColor-TealText,Borders,
sp-css-borderLeftColor-themeDark,Borders,
sp-css-borderLeftColor-themeDarkAlt,Borders,
sp-css-borderLeftColor-themeDarker,Borders,
sp-css-borderLeftColor-themeLight,Borders,
sp-css-borderLeftColor-themeLighter,Borders,
sp-css-borderLeftColor-themeLighterAlt,Borders,
sp-css-borderLeftColor-themePrimary,Borders,
sp-css-borderLeftColor-themeSecondary,Borders,
sp-css-borderLeftColor-themeTertiary,Borders,
sp-css-borderLeftColor-VioletFont,Borders,
sp-css-borderLeftColor-warningBackground,Borders,
sp-css-borderLeftColor-white,Borders,
sp-css-borderLeftColor-WhiteFont,Borders,
sp-css-borderLeftColor-WhiteText,Borders,
sp-css-borderLeftColor-yellow,Borders,
sp-css-borderLeftColor-yellowLight,Borders,
sp-css-borderRightColor-black,Borders,
sp-css-borderRightColor-BlackFont,Borders,
sp-css-borderRightColor-BlackText,Borders,
sp-css-borderRightColor-blockingBackground,Borders,
sp-css-borderRightColor-blue,Borders,
sp-css-borderRightColor-blueDark,Borders,
sp-css-borderRightColor-blueLight,Borders,
sp-css-borderRightColor-BlueText,Borders,
sp-css-borderRightColor-bodyBackground,Borders,
sp-css-borderRightColor-bodyDivider,Borders,
sp-css-borderRightColor-bodySubtext,Borders,
sp-css-borderRightColor-bodyText,Borders,
sp-css-borderRightColor-BrownText,Borders,
sp-css-borderRightColor-CoralFont,Borders,
sp-css-borderRightColor-CornflowerBlueFont,Borders,
sp-css-borderRightColor-CyanFont,Borders,
sp-css-borderRightColor-DarkBlueText,Borders,
sp-css-borderRightColor-DarkGreenText,Borders,
sp-css-borderRightColor-DarkPurpleText,Borders,
sp-css-borderRightColor-DarkRedText,Borders,
sp-css-borderRightColor-disabledBackground,Borders,
sp-css-borderRightColor-disabledSubtext,Borders,
sp-css-borderRightColor-disabledText,Borders,
sp-css-borderRightColor-DustRoseFont,Borders,
sp-css-borderRightColor-errorBackground,Borders,
sp-css-borderRightColor-errorText,Borders,
sp-css-borderRightColor-GoldFont,Borders,
sp-css-borderRightColor-GrayText,Borders,
sp-css-borderRightColor-green,Borders,
sp-css-borderRightColor-greenLight,Borders,
sp-css-borderRightColor-GreenText,Borders,
sp-css-borderRightColor-LavenderText,Borders,
sp-css-borderRightColor-LightBlueFont,Borders,
sp-css-borderRightColor-LightGrayFont,Borders,
sp-css-borderRightColor-LightPurpleFont,Borders,
sp-css-borderRightColor-LightPurpleText,Borders,
sp-css-borderRightColor-LilacFont,Borders,
sp-css-borderRightColor-listBackground,Borders,
sp-css-borderRightColor-listItemBackgroundChecked,Borders,
sp-css-borderRightColor-listTextColor,Borders,
sp-css-borderRightColor-MauveFont,Borders,
sp-css-borderRightColor-MintGreenFont,Borders,
sp-css-borderRightColor-neutralDark,Borders,
sp-css-borderRightColor-neutralLight,Borders,
sp-css-borderRightColor-neutralLighter,Borders,
sp-css-borderRightColor-neutralLighterAlt,Borders,
sp-css-borderRightColor-neutralPrimary,Borders,
sp-css-borderRightColor-neutralPrimaryAlt,Borders,
sp-css-borderRightColor-neutralQuaternary,Borders,
sp-css-borderRightColor-neutralQuaternaryAlt,Borders,
sp-css-borderRightColor-neutralSecondary,Borders,
sp-css-borderRightColor-neutralTertiary,Borders,
sp-css-borderRightColor-neutralTertiaryAlt,Borders,
sp-css-borderRightColor-OrangeText,Borders,
sp-css-borderRightColor-PeachFont,Borders,
sp-css-borderRightColor-purple,Borders,
sp-css-borderRightColor-PurpleText,Borders,
sp-css-borderRightColor-red,Borders,
sp-css-borderRightColor-redDark,Borders,
sp-css-borderRightColor-RedText,Borders,
sp-css-borderRightColor-SageFont,Borders,
sp-css-borderRightColor-successBackground,Borders,
sp-css-borderRightColor-TealText,Borders,
sp-css-borderRightColor-themeDark,Borders,
sp-css-borderRightColor-themeDarkAlt,Borders,
sp-css-borderRightColor-themeDarker,Borders,
sp-css-borderRightColor-themeLight,Borders,
sp-css-borderRightColor-themeLighter,Borders,
sp-css-borderRightColor-themeLighterAlt,Borders,
sp-css-borderRightColor-themePrimary,Borders,
sp-css-borderRightColor-themeSecondary,Borders,
sp-css-borderRightColor-themeTertiary,Borders,
sp-css-borderRightColor-VioletFont,Borders,
sp-css-borderRightColor-warningBackground,Borders,
sp-css-borderRightColor-white,Borders,
sp-css-borderRightColor-WhiteFont,Borders,
sp-css-borderRightColor-WhiteText,Borders,
sp-css-borderRightColor-yellow,Borders,
sp-css-borderRightColor-yellowLight,Borders,
sp-css-borderTopColor-black,Borders,
sp-css-borderTopColor-BlackFont,Borders,
sp-css-borderTopColor-BlackText,Borders,
sp-css-borderTopColor-blockingBackground,Borders,
sp-css-borderTopColor-blue,Borders,
sp-css-borderTopColor-blueDark,Borders,
sp-css-borderTopColor-blueLight,Borders,
sp-css-borderTopColor-BlueText,Borders,
sp-css-borderTopColor-bodyBackground,Borders,
sp-css-borderTopColor-bodyDivider,Borders,
sp-css-borderTopColor-bodySubtext,Borders,
sp-css-borderTopColor-bodyText,Borders,
sp-css-borderTopColor-BrownText,Borders,
sp-css-borderTopColor-CoralFont,Borders,
sp-css-borderTopColor-CornflowerBlueFont,Borders,
sp-css-borderTopColor-CyanFont,Borders,
sp-css-borderTopColor-DarkBlueText,Borders,
sp-css-borderTopColor-DarkGreenText,Borders,
sp-css-borderTopColor-DarkPurpleText,Borders,
sp-css-borderTopColor-DarkRedText,Borders,
sp-css-borderTopColor-disabledBackground,Borders,
sp-css-borderTopColor-disabledSubtext,Borders,
sp-css-borderTopColor-disabledText,Borders,
sp-css-borderTopColor-DustRoseFont,Borders,
sp-css-borderTopColor-errorBackground,Borders,
sp-css-borderTopColor-errorText,Borders,
sp-css-borderTopColor-GoldFont,Borders,
sp-css-borderTopColor-GrayText,Borders,
sp-css-borderTopColor-green,Borders,
sp-css-borderTopColor-greenLight,Borders,
sp-css-borderTopColor-GreenText,Borders,
sp-css-borderTopColor-LavenderText,Borders,
sp-css-borderTopColor-LightBlueFont,Borders,
sp-css-borderTopColor-LightGrayFont,Borders,
sp-css-borderTopColor-LightPurpleFont,Borders,
sp-css-borderTopColor-LightPurpleText,Borders,
sp-css-borderTopColor-LilacFont,Borders,
sp-css-borderTopColor-listBackground,Borders,
sp-css-borderTopColor-listItemBackgroundChecked,Borders,
sp-css-borderTopColor-listTextColor,Borders,
sp-css-borderTopColor-MauveFont,Borders,
sp-css-borderTopColor-MintGreenFont,Borders,
sp-css-borderTopColor-neutralDark,Borders,
sp-css-borderTopColor-neutralLight,Borders,
sp-css-borderTopColor-neutralLighter,Borders,
sp-css-borderTopColor-neutralLighterAlt,Borders,
sp-css-borderTopColor-neutralPrimary,Borders,
sp-css-borderTopColor-neutralPrimaryAlt,Borders,
sp-css-borderTopColor-neutralQuaternary,Borders,
sp-css-borderTopColor-neutralQuaternaryAlt,Borders,
sp-css-borderTopColor-neutralSecondary,Borders,
sp-css-borderTopColor-neutralTertiary,Borders,
sp-css-borderTopColor-neutralTertiaryAlt,Borders,
sp-css-borderTopColor-OrangeText,Borders,
sp-css-borderTopColor-PeachFont,Borders,
sp-css-borderTopColor-purple,Borders,
sp-css-borderTopColor-PurpleText,Borders,
sp-css-borderTopColor-red,Borders,
sp-css-borderTopColor-redDark,Borders,
sp-css-borderTopColor-RedText,Borders,
sp-css-borderTopColor-SageFont,Borders,
sp-css-borderTopColor-successBackground,Borders,
sp-css-borderTopColor-TealText,Borders,
sp-css-borderTopColor-themeDark,Borders,
sp-css-borderTopColor-themeDarkAlt,Borders,
sp-css-borderTopColor-themeDarker,Borders,
sp-css-borderTopColor-themeLight,Borders,
sp-css-borderTopColor-themeLighter,Borders,
sp-css-borderTopColor-themeLighterAlt,Borders,
sp-css-borderTopColor-themePrimary,Borders,
sp-css-borderTopColor-themeSecondary,Borders,
sp-css-borderTopColor-themeTertiary,Borders,
sp-css-borderTopColor-VioletFont,Borders,
sp-css-borderTopColor-warningBackground,Borders,
sp-css-borderTopColor-white,Borders,
sp-css-borderTopColor-WhiteFont,Borders,
sp-css-borderTopColor-WhiteText,Borders,
sp-css-borderTopColor-yellow,Borders,
sp-css-borderTopColor-yellowLight,Borders,
sp-css-borderRight-neutralTertiaryDashed,Borders: other,
sp-css-borderTop-blockingBorder,Borders: other,
sp-css-borderTop-blueBorder,Borders: other,
sp-css-borderTop-errorBorder,Borders: other,
sp-css-borderTop-neutralBorder,Borders: other,
sp-css-borderTop-successBorder,Borders: other,
sp-css-borderTop-warningBorder,Borders: other,
sp-field-borderAllBold,Borders: field,
sp-field-borderAllDashed,Borders: field,
sp-field-borderAllDotted,Borders: field,
sp-field-borderAllRegular,Borders: field,
sp-field-borderAllSemibold,Borders: field,
sp-field-borderAllSolid,Borders: field,
sp-field-borderBottomBold,Borders: field,
sp-field-borderBottomDashed,Borders: field,
sp-field-borderBottomDotted,Borders: field,
sp-field-borderBottomRegular,Borders: field,
sp-field-borderBottomSemibold,Borders: field,
sp-field-borderBottomSolid,Borders: field,
sp-field-borderLeftBold,Borders: field,
sp-field-borderLeftDashed,Borders: field,
sp-field-borderLeftDotted,Borders: field,
sp-field-borderLeftRegular,Borders: field,
sp-field-borderLeftRightBold,Borders: field,
sp-field-borderLeftRightDashed,Borders: field,
sp-field-borderLeftRightDotted,Borders: field,
sp-field-borderLeftRightRegular,Borders: field,
sp-field-borderLeftRightSemibold,Borders: field,
sp-field-borderLeftRightSolid,Borders: field,
sp-field-borderLeftSemibold,Borders: field,
sp-field-borderLeftSolid,Borders: field,
sp-field-borderRightBold,Borders: field,
sp-field-borderRightDashed,Borders: field,
sp-field-borderRightDotted,Borders: field,
sp-field-borderRightRegular,Borders: field,
sp-field-borderRightSemibold,Borders: field,
sp-field-borderRightSolid,Borders: field,
sp-field-borderTopBold,Borders: field,
sp-field-borderTopBottomBold,Borders: field,
sp-field-borderTopBottomDashed,Borders: field,
sp-field-borderTopBottomDotted,Borders: field,
sp-field-borderTopBottomRegular,Borders: field,
sp-field-borderTopBottomSemibold,Borders: field,
sp-field-borderTopBottomSolid,Borders: field,
sp-field-borderTopDashed,Borders: field,
sp-field-borderTopDotted,Borders: field,
sp-field-borderTopRegular,Borders: field,
sp-field-borderTopSemibold,Borders: field,
sp-field-borderTopSolid,Borders: field,
ms-bgColor-black,Background: color,
ms-bgColor-black--hover,Background: color,
ms-bgColor-blue,Background: color,
ms-bgColor-blueDark,Background: color,
ms-bgColor-blueDark--hover,Background: color,
ms-bgColor-blue--hover,Background: color,
ms-bgColor-blueLight,Background: color,
ms-bgColor-blueLight--hover,Background: color,
ms-bgColor-blueMid,Background: color,
ms-bgColor-blueMid--hover,Background: color,
ms-bgColor-communicationPrimary,Background: color,
ms-bgColor-communicationPrimary--hover,Background: color,
ms-bgColor-communicationShade10,Background: color,
ms-bgColor-communicationShade10--hover,Background: color,
ms-bgColor-communicationShade20,Background: color,
ms-bgColor-communicationShade20--hover,Background: color,
ms-bgColor-communicationShade30,Background: color,
ms-bgColor-communicationShade30--hover,Background: color,
ms-bgColor-communicationTint10,Background: color,
ms-bgColor-communicationTint10--hover,Background: color,
ms-bgColor-communicationTint20,Background: color,
ms-bgColor-communicationTint20--hover,Background: color,
ms-bgColor-communicationTint30,Background: color,
ms-bgColor-communicationTint30--hover,Background: color,
ms-bgColor-communicationTint40,Background: color,
ms-bgColor-communicationTint40--hover,Background: color,
ms-bgColor-contrastBlackDisabled,Background: color,
ms-bgColor-contrastBlackDisabled--hover,Background: color,
ms-bgColor-contrastBlackSelected,Background: color,
ms-bgColor-contrastBlackSelected--hover,Background: color,
ms-bgColor-contrastWhiteDisabled,Background: color,
ms-bgColor-contrastWhiteDisabled--hover,Background: color,
ms-bgColor-contrastWhiteSelected,Background: color,
ms-bgColor-contrastWhiteSelected--hover,Background: color,
ms-bgColor-error,Background: color,
ms-bgColor-error--hover,Background: color,
ms-bgColor-gray10,Background: color,
ms-bgColor-gray100,Background: color,
ms-bgColor-gray100--hover,Background: color,
ms-bgColor-gray10--hover,Background: color,
ms-bgColor-gray110,Background: color,
ms-bgColor-gray110--hover,Background: color,
ms-bgColor-gray120,Background: color,
ms-bgColor-gray120--hover,Background: color,
ms-bgColor-gray130,Background: color,
ms-bgColor-gray130--hover,Background: color,
ms-bgColor-gray140,Background: color,
ms-bgColor-gray140--hover,Background: color,
ms-bgColor-gray150,Background: color,
ms-bgColor-gray150--hover,Background: color,
ms-bgColor-gray160,Background: color,
ms-bgColor-gray160--hover,Background: color,
ms-bgColor-gray170,Background: color,
ms-bgColor-gray170--hover,Background: color,
ms-bgColor-gray180,Background: color,
ms-bgColor-gray180--hover,Background: color,
ms-bgColor-gray190,Background: color,
ms-bgColor-gray190--hover,Background: color,
ms-bgColor-gray20,Background: color,
ms-bgColor-gray200,Background: color,
ms-bgColor-gray200--hover,Background: color,
ms-bgColor-gray20--hover,Background: color,
ms-bgColor-gray210,Background: color,
ms-bgColor-gray210--hover,Background: color,
ms-bgColor-gray220,Background: color,
ms-bgColor-gray220--hover,Background: color,
ms-bgColor-gray30,Background: color,
ms-bgColor-gray30--hover,Background: color,
ms-bgColor-gray40,Background: color,
ms-bgColor-gray40--hover,Background: color,
ms-bgColor-gray50,Background: color,
ms-bgColor-gray50--hover,Background: color,
ms-bgColor-gray60,Background: color,
ms-bgColor-gray60--hover,Background: color,
ms-bgColor-gray70,Background: color,
ms-bgColor-gray70--hover,Background: color,
ms-bgColor-gray80,Background: color,
ms-bgColor-gray80--hover,Background: color,
ms-bgColor-gray90,Background: color,
ms-bgColor-gray90--hover,Background: color,
ms-bgColor-green,Background: color,
ms-bgColor-greenDark,Background: color,
ms-bgColor-greenDark--hover,Background: color,
ms-bgColor-green--hover,Background: color,
ms-bgColor-greenLight,Background: color,
ms-bgColor-greenLight--hover,Background: color,
ms-bgColor-info,Background: color,
ms-bgColor-info--hover,Background: color,
ms-bgColor-magenta,Background: color,
ms-bgColor-magentaDark,Background: color,
ms-bgColor-magentaDark--hover,Background: color,
ms-bgColor-magenta--hover,Background: color,
ms-bgColor-magentaLight,Background: color,
ms-bgColor-magentaLight--hover,Background: color,
ms-bgColor-neutralDark,Background: color,
ms-bgColor-neutralDark--hover,Background: color,
ms-bgColor-neutralLight,Background: color,
ms-bgColor-neutralLighter,Background: color,
ms-bgColor-neutralLighterAlt,Background: color,
ms-bgColor-neutralLighterAlt--hover,Background: color,
ms-bgColor-neutralLighter--hover,Background: color,
ms-bgColor-neutralLight--hover,Background: color,
ms-bgColor-neutralPrimary,Background: color,
ms-bgColor-neutralPrimaryAlt,Background: color,
ms-bgColor-neutralPrimaryAlt--hover,Background: color,
ms-bgColor-neutralPrimary--hover,Background: color,
ms-bgColor-neutralQuaternary,Background: color,
ms-bgColor-neutralQuaternaryAlt,Background: color,
ms-bgColor-neutralQuaternaryAlt--hover,Background: color,
ms-bgColor-neutralQuaternary--hover,Background: color,
ms-bgColor-neutralSecondary,Background: color,
ms-bgColor-neutralSecondaryAlt,Background: color,
ms-bgColor-neutralSecondaryAlt--hover,Background: color,
ms-bgColor-neutralSecondary--hover,Background: color,
ms-bgColor-neutralTertiary,Background: color,
ms-bgColor-neutralTertiaryAlt,Background: color,
ms-bgColor-neutralTertiaryAlt--hover,Background: color,
ms-bgColor-neutralTertiary--hover,Background: color,
ms-bgColor-orange,Background: color,
ms-bgColor-orange--hover,Background: color,
ms-bgColor-orangeLight,Background: color,
ms-bgColor-orangeLighter,Background: color,
ms-bgColor-orangeLighter--hover,Background: color,
ms-bgColor-orangeLight--hover,Background: color,
ms-bgColor-purple,Background: color,
ms-bgColor-purpleDark,Background: color,
ms-bgColor-purpleDark--hover,Background: color,
ms-bgColor-purple--hover,Background: color,
ms-bgColor-purpleLight,Background: color,
ms-bgColor-purpleLight--hover,Background: color,
ms-bgColor-red,Background: color,
ms-bgColor-redDark,Background: color,
ms-bgColor-redDark--hover,Background: color,
ms-bgColor-red--hover,Background: color,
ms-bgColor-severeWarning,Background: color,
ms-bgColor-severeWarning--hover,Background: color,
ms-bgColor-sharedBlue10,Background: color,
ms-bgColor-sharedBlue10--hover,Background: color,
ms-bgColor-sharedBlueMagenta10,Background: color,
ms-bgColor-sharedBlueMagenta10--hover,Background: color,
ms-bgColor-sharedBlueMagenta20,Background: color,
ms-bgColor-sharedBlueMagenta20--hover,Background: color,
ms-bgColor-sharedBlueMagenta30,Background: color,
ms-bgColor-sharedBlueMagenta30--hover,Background: color,
ms-bgColor-sharedBlueMagenta40,Background: color,
ms-bgColor-sharedBlueMagenta40--hover,Background: color,
ms-bgColor-sharedCyan10,Background: color,
ms-bgColor-sharedCyan10--hover,Background: color,
ms-bgColor-sharedCyan20,Background: color,
ms-bgColor-sharedCyan20--hover,Background: color,
ms-bgColor-sharedCyan30,Background: color,
ms-bgColor-sharedCyan30--hover,Background: color,
ms-bgColor-sharedCyan40,Background: color,
ms-bgColor-sharedCyan40--hover,Background: color,
ms-bgColor-sharedCyanBlue10,Background: color,
ms-bgColor-sharedCyanBlue10--hover,Background: color,
ms-bgColor-sharedCyanBlue20,Background: color,
ms-bgColor-sharedCyanBlue20--hover,Background: color,
ms-bgColor-sharedGray10,Background: color,
ms-bgColor-sharedGray10--hover,Background: color,
ms-bgColor-sharedGray20,Background: color,
ms-bgColor-sharedGray20--hover,Background: color,
ms-bgColor-sharedGray30,Background: color,
ms-bgColor-sharedGray30--hover,Background: color,
ms-bgColor-sharedGray40,Background: color,
ms-bgColor-sharedGray40--hover,Background: color,
ms-bgColor-sharedGreen10,Background: color,
ms-bgColor-sharedGreen10--hover,Background: color,
ms-bgColor-sharedGreen20,Background: color,
ms-bgColor-sharedGreen20--hover,Background: color,
ms-bgColor-sharedGreenCyan10,Background: color,
ms-bgColor-sharedGreenCyan10--hover,Background: color,
ms-bgColor-sharedMagenta10,Background: color,
ms-bgColor-sharedMagenta10--hover,Background: color,
ms-bgColor-sharedMagenta20,Background: color,
ms-bgColor-sharedMagenta20--hover,Background: color,
ms-bgColor-sharedMagentaPink10,Background: color,
ms-bgColor-sharedMagentaPink10--hover,Background: color,
ms-bgColor-sharedMagentaPink20,Background: color,
ms-bgColor-sharedMagentaPink20--hover,Background: color,
ms-bgColor-sharedOrange10,Background: color,
ms-bgColor-sharedOrange10--hover,Background: color,
ms-bgColor-sharedOrange20,Background: color,
ms-bgColor-sharedOrange20--hover,Background: color,
ms-bgColor-sharedOrange30,Background: color,
ms-bgColor-sharedOrange30--hover,Background: color,
ms-bgColor-sharedOrangeYellow10,Background: color,
ms-bgColor-sharedOrangeYellow10--hover,Background: color,
ms-bgColor-sharedOrangeYellow20,Background: color,
ms-bgColor-sharedOrangeYellow20--hover,Background: color,
ms-bgColor-sharedPinkRed10,Background: color,
ms-bgColor-sharedPinkRed10--hover,Background: color,
ms-bgColor-sharedRed10,Background: color,
ms-bgColor-sharedRed10--hover,Background: color,
ms-bgColor-sharedRed20,Background: color,
ms-bgColor-sharedRed20--hover,Background: color,
ms-bgColor-sharedRedOrange10,Background: color,
ms-bgColor-sharedRedOrange10--hover,Background: color,
ms-bgColor-sharedRedOrange20,Background: color,
ms-bgColor-sharedRedOrange20--hover,Background: color,
ms-bgColor-sharedYellow10,Background: color,
ms-bgColor-sharedYellow10--hover,Background: color,
ms-bgColor-sharedYellowGreen10,Background: color,
ms-bgColor-sharedYellowGreen10--hover,Background: color,
ms-bgColor-success,Background: color,
ms-bgColor-success--hover,Background: color,
ms-bgColor-teal,Background: color,
ms-bgColor-tealDark,Background: color,
ms-bgColor-tealDark--hover,Background: color,
ms-bgColor-teal--hover,Background: color,
ms-bgColor-tealLight,Background: color,
ms-bgColor-tealLight--hover,Background: color,
ms-bgColor-themeDark,Background: color,
ms-bgColor-themeDarkAlt,Background: color,
ms-bgColor-themeDarkAlt--hover,Background: color,
ms-bgColor-themeDarker,Background: color,
ms-bgColor-themeDarker--hover,Background: color,
ms-bgColor-themeDark--hover,Background: color,
ms-bgColor-themeLight,Background: color,
ms-bgColor-themeLighter,Background: color,
ms-bgColor-themeLighterAlt,Background: color,
ms-bgColor-themeLighterAlt--hover,Background: color,
ms-bgColor-themeLighter--hover,Background: color,
ms-bgColor-themeLight--hover,Background: color,
ms-bgColor-themePrimary,Background: color,
ms-bgColor-themePrimary--hover,Background: color,
ms-bgColor-themeSecondary,Background: color,
ms-bgColor-themeSecondary--hover,Background: color,
ms-bgColor-themeTertiary,Background: color,
ms-bgColor-themeTertiary--hover,Background: color,
ms-bgColor-warning,Background: color,
ms-bgColor-warning--hover,Background: color,
ms-bgColor-white,Background: color,
ms-bgColor-white--hover,Background: color,
ms-bgColor-yellow,Background: color,
ms-bgColor-yellow--hover,Background: color,
ms-bgColor-yellowLight,Background: color,
ms-bgColor-yellowLight--hover,Background: color,
sp-css-backgroundColor-BgBlue,Background: color,
sp-css-backgroundColor-BgBrown,Background: color,
sp-css-backgroundColor-BgCoral,Background: color,
sp-css-backgroundColor-BgCoral30,Background: color,
sp-css-backgroundColor-BgCornflower40,Background: color,
sp-css-backgroundColor-BgCornflowerBlue,Background: color,
sp-css-backgroundColor-BgCyan,Background: color,
sp-css-backgroundColor-BgCyan30,Background: color,
sp-css-backgroundColor-BgDarkBlue,Background: color,
sp-css-backgroundColor-BgDarkGreen,Background: color,
sp-css-backgroundColor-BgDarkPink,Background: color,
sp-css-backgroundColor-BgDarkPurple,Background: color,
sp-css-backgroundColor-BgDarkRed,Background: color,
sp-css-backgroundColor-BgDustRose,Background: color,
sp-css-backgroundColor-BgDustRose30,Background: color,
sp-css-backgroundColor-BgGold,Background: color,
sp-css-backgroundColor-BgGold60,Background: color,
sp-css-backgroundColor-BgGray,Background: color,
sp-css-backgroundColor-BgGreen,Background: color,
sp-css-backgroundColor-bgLavender,Background: color,
sp-css-backgroundColor-BgLightBlue,Background: color,
sp-css-backgroundColor-BgLightBlue20,Background: color,
sp-css-backgroundColor-BgLightGray,Background: color,
sp-css-backgroundColor-BgLightGray30,Background: color,
sp-css-backgroundColor-BgLightPurple,Background: color,
sp-css-backgroundColor-BgLightPurple30,Background: color,
sp-css-backgroundColor-BgLilac,Background: color,
sp-css-backgroundColor-BgLilac30,Background: color,
sp-css-backgroundColor-BgMauve,Background: color,
sp-css-backgroundColor-BgMauve50,Background: color,
sp-css-backgroundColor-BgMintGreen,Background: color,
sp-css-backgroundColor-BgMintGreen30,Background: color,
sp-css-backgroundColor-BgOrange,Background: color,
sp-css-backgroundColor-BgPeach40,Background: color,
sp-css-backgroundColor-BgPeak,Background: color,
sp-css-backgroundColor-BgPurple,Background: color,
sp-css-backgroundColor-BgRed,Background: color,
sp-css-backgroundColor-BgSage,Background: color,
sp-css-backgroundColor-BgSage20,Background: color,
sp-css-backgroundColor-BgTeal,Background: color,
sp-css-backgroundColor-BgViolet,Background: color,
sp-css-backgroundColor-BgViolet40,Background: color,
sp-css-backgroundColor-black,Background: color,
sp-css-backgroundColor-BlackFont,Background: color,
sp-css-backgroundColor-BlackText,Background: color,
sp-css-backgroundColor-blockingBackground,Background: color,
sp-css-backgroundColor-blockingBackground30,Background: color,
sp-css-backgroundColor-blockingBackground40,Background: color,
sp-css-backgroundColor-blockingBackground50,Background: color,
sp-css-backgroundColor-blue,Background: color,
sp-css-backgroundColor-blueBackground07,Background: color,
sp-css-backgroundColor-blueBackground17,Background: color,
sp-css-backgroundColor-blueBackground27,Background: color,
sp-css-backgroundColor-blueBackground37,Background: color,
sp-css-backgroundColor-blueDark,Background: color,
sp-css-backgroundColor-blueLight,Background: color,
sp-css-backgroundColor-BlueText,Background: color,
sp-css-backgroundColor-bodyBackground,Background: color,
sp-css-backgroundColor-bodyDivider,Background: color,
sp-css-backgroundColor-bodySubtext,Background: color,
sp-css-backgroundColor-bodyText,Background: color,
sp-css-backgroundColor-BrownText,Background: color,
sp-css-backgroundColor-CoralFont,Background: color,
sp-css-backgroundColor-CornflowerBlueFont,Background: color,
sp-css-backgroundColor-CyanFont,Background: color,
sp-css-backgroundColor-DarkBlueText,Background: color,
sp-css-backgroundColor-DarkGreenText,Background: color,
sp-css-backgroundColor-DarkPurpleText,Background: color,
sp-css-backgroundColor-DarkRedText,Background: color,
sp-css-backgroundColor-disabledBackground,Background: color,
sp-css-backgroundColor-disabledSubtext,Background: color,
sp-css-backgroundColor-disabledText,Background: color,
sp-css-backgroundColor-DustRoseFont,Background: color,
sp-css-backgroundColor-errorBackground,Background: color,
sp-css-backgroundColor-errorBackground30,Background: color,
sp-css-backgroundColor-errorBackground40,Background: color,
sp-css-backgroundColor-errorBackground50,Background: color,
sp-css-backgroundColor-errorText,Background: color,
sp-css-backgroundColor-GoldFont,Background: color,
sp-css-backgroundColor-GrayText,Background: color,
sp-css-backgroundColor-green,Background: color,
sp-css-backgroundColor-greenLight,Background: color,
sp-css-backgroundColor-GreenText,Background: color,
sp-css-backgroundColor-LavenderText,Background: color,
sp-css-backgroundColor-LightBlueFont,Background: color,
sp-css-backgroundColor-LightGrayFont,Background: color,
sp-css-backgroundColor-LightPurpleFont,Background: color,
sp-css-backgroundColor-LightPurpleText,Background: color,
sp-css-backgroundColor-LilacFont,Background: color,
sp-css-backgroundColor-listBackground,Background: color,
sp-css-backgroundColor-listItemBackgroundChecked,Background: color,
sp-css-backgroundColor-listTextColor,Background: color,
sp-css-backgroundColor-MauveFont,Background: color,
sp-css-backgroundColor-MintGreenFont,Background: color,
sp-css-backgroundColor-neutralBackground,Background: color,
sp-css-backgroundColor-neutralBackground10,Background: color,
sp-css-backgroundColor-neutralBackground20,Background: color,
sp-css-backgroundColor-neutralBackground30,Background: color,
sp-css-backgroundColor-neutralDark,Background: color,
sp-css-backgroundColor-neutralLight,Background: color,
sp-css-backgroundColor-neutralLighter,Background: color,
sp-css-backgroundColor-neutralLighterAlt,Background: color,
sp-css-backgroundColor-neutralPrimary,Background: color,
sp-css-backgroundColor-neutralPrimaryAlt,Background: color,
sp-css-backgroundColor-neutralQuaternary,Background: color,
sp-css-backgroundColor-neutralQuaternaryAlt,Background: color,
sp-css-backgroundColor-neutralSecondary,Background: color,
sp-css-backgroundColor-neutralTertiary,Background: color,
sp-css-backgroundColor-neutralTertiaryAlt,Background: color,
sp-css-backgroundColor-noFill,Background: color,
sp-css-backgroundColor-OrangeText,Background: color,
sp-css-backgroundColor-PeachFont,Background: color,
sp-css-backgroundColor-purple,Background: color,
sp-css-backgroundColor-PurpleText,Background: color,
sp-css-backgroundColor-red,Background: color,
sp-css-backgroundColor-redDark,Background: color,
sp-css-backgroundColor-RedText,Background: color,
sp-css-backgroundColor-SageFont,Background: color,
sp-css-backgroundColor-successBackground,Background: color,
sp-css-backgroundColor-successBackground30,Background: color,
sp-css-backgroundColor-successBackground40,Background: color,
sp-css-backgroundColor-successBackground50,Background: color,
sp-css-backgroundColor-TealText,Background: color,
sp-css-backgroundColor-themeDark,Background: color,
sp-css-backgroundColor-themeDarkAlt,Background: color,
sp-css-backgroundColor-themeDarker,Background: color,
sp-css-backgroundColor-themeLight,Background: color,
sp-css-backgroundColor-themeLighter,Background: color,
sp-css-backgroundColor-themeLighterAlt,Background: color,
sp-css-backgroundColor-themePrimary,Background: color,
sp-css-backgroundColor-themeSeconary,Background: color,
sp-css-backgroundColor-themeTertiary,Background: color,
sp-css-backgroundColor-VioletFont,Background: color,
sp-css-backgroundColor-warningBackground,Background: color,
sp-css-backgroundColor-warningBackground30,Background: color,
sp-css-backgroundColor-warningBackground40,Background: color,
sp-css-backgroundColor-warningBackground50,Background: color,
sp-css-backgroundColor-white,Background: color,
sp-css-backgroundColor-WhiteFont,Background: color,
sp-css-backgroundColor-WhiteText,Background: color,
sp-css-backgroundColor-yellow,Background: color,
sp-css-backgroundColor-yellowLight,Background: color,
sp-List-color0,Background: Microsoft Lists,classes apply variousábackground-colorsáthat correspond to Microsoft Lists color choices
sp-List-color1,Background: Microsoft Lists,classes apply variousábackground-colorsáthat correspond to Microsoft Lists color choices
sp-List-color2,Background: Microsoft Lists,classes apply variousábackground-colorsáthat correspond to Microsoft Lists color choices
sp-List-color3,Background: Microsoft Lists,classes apply variousábackground-colorsáthat correspond to Microsoft Lists color choices
sp-List-color4,Background: Microsoft Lists,classes apply variousábackground-colorsáthat correspond to Microsoft Lists color choices
sp-List-color5,Background: Microsoft Lists,classes apply variousábackground-colorsáthat correspond to Microsoft Lists color choices
sp-List-color6,Background: Microsoft Lists,classes apply variousábackground-colorsáthat correspond to Microsoft Lists color choices
sp-List-color7,Background: Microsoft Lists,classes apply variousábackground-colorsáthat correspond to Microsoft Lists color choices
sp-List-color8,Background: Microsoft Lists,classes apply variousábackground-colorsáthat correspond to Microsoft Lists color choices
sp-List-color9,Background: Microsoft Lists,classes apply variousábackground-colorsáthat correspond to Microsoft Lists color choices
sp-List-color10,Background: Microsoft Lists,classes apply variousábackground-colorsáthat correspond to Microsoft Lists color choices
sp-List-color11,Background: Microsoft Lists,classes apply variousábackground-colorsáthat correspond to Microsoft Lists color choices
debug,Other,
dropHintlineBottom,Borders: other,
dropHintlineLeft,Borders: other,
dropHintlineRight,Borders: other,
dropHintLineStyle,Borders: other,
dropHintlineTop,Borders: other,
ms-ConfigureFlowsPanel-disabled,Other,
ms-ConfigureFlowsPanel-error,Other,
ms-ContextualMenu-icon,Other,
ms-CurrentIBSegmentDisplayView-ErrorMessage,Other,
ms-CurrentIBSegmentDisplayView-sectionTitle,Other,
ms-DateCondition-ArrowIcon,Other,
ms-DateCondition-buttonText,Other,
ms-fontColor-themePrimary,Other,
ms-RadioButton-field,Other,
ms-siteLogoAcronym,Animation,
od-addColumnIcon,Other,
od-Banner,Background: color,
od-PermissionsPanel-addPeople-icon,Other,
od-SharingSection-PermissionsPile-addFriend,Other,
od-TextField-field,Other,
od-Toggle-field,Other,
od-TopBar-item,Other,
ProgressSpinnerFlat,Other,
SharingSection-addPeople-icon,Other,
sp-ColorPickerButton-previewIcon,Other,
sp-ColorPicker-previewSvg,Other,
sp-ColumnCustomizationPane-monaco-editor,Other,
sp-ColumnDesigner-errorText,Other,
sp-css-backgroundColor-themeSecondary,Background: color,
sp-css-backgroundColor-BgPeach,Background: color,
sp-css-backgroundColor-BgCornflowerBlue40,Background: color,
sp-css-borderTop-CoralFont,Borders: other,
sp-css-borderTop-DustRoseFont,Borders: other,
sp-css-borderTop-PeachFont,Borders: other,
sp-css-borderTop-GoldFont,Borders: other,
sp-css-borderTop-MintGreenFont,Borders: other,
sp-css-borderTop-CyanFont,Borders: other,
sp-css-borderTop-SageFont,Borders: other,
sp-css-borderTop-CornflowerBlueFont,Borders: other,
sp-css-borderTop-LightPurpleFont,Borders: other,
sp-css-borderTop-LightBlueFont,Borders: other,
sp-css-borderTop-VioletFont,Borders: other,
sp-css-borderTop-MauveFont,Borders: other,
sp-css-borderTop-LilacFont,Borders: other,
sp-css-borderTop-LightGrayFont,Borders: other,
sp-css-borderTop-WhiteFont,Borders: other,
sp-css-borderTop-BlackFont,Borders: other,
sp-DateField-CalIcon,Other,
sp-DateField-Input,Other,
ms-motion-fadeIn,Animation,
ms-motion-fadeOut,Animation,
ms-motion-scaleDownIn,Animation,
ms-motion-scaleDownOut,Animation,
ms-motion-slideDownIn,Animation,
ms-motion-slideDownOut,Animation,
ms-motion-slideLeftIn,Animation,
ms-motion-slideLeftOut,Animation,
ms-motion-slideRightIn,Animation,
ms-motion-slideRightOut,Animation,
ms-motion-slideUpIn,Animation,
ms-motion-slideUpOut,Animation,
